,id,name,popularity,track_number,uri,danceability,energy,loudness,speechiness,acousticness,instrumentalness,liveness,valence,tempo,artists,album,release_date
0,499rs8fMaltXk2BOlq9P0m,"Ye Chota Nuvvunna (From ""Saaho"") (feat. Tulsi Kumar, Haricharan Seshadri)",54.0,1.0,spotify:track:499rs8fMaltXk2BOlq9P0m,0.725,0.675,-6.225,0.0444,0.116,4.39e-05,0.099,0.641,92.017,"Guru Randhawa, Tulsi Kumar, Haricharan","Ye Chota Nuvvunna (From ""Saaho"")",2019-08-02
1,2FPYJZygSLhD9RdPvEnBha,Nee Choopule,52.0,2.0,spotify:track:2FPYJZygSLhD9RdPvEnBha,0.573,0.35,-8.126,0.026,0.262,1.75e-05,0.0976,0.0386,90.925,"Haricharan, K. S. Chithra",Endukante Premanta,2012-04-29
2,37qEgpLxOJN2jpxo2yEl64,Sundari,39.0,2.0,spotify:track:37qEgpLxOJN2jpxo2yEl64,0.866,0.86,-3.662,0.0552,0.185,8.57e-05,0.0629,0.899,101.982,Jaspreet Jasz,Khaidi No 150,2017-01-05
3,008lRa3qOTxsZE3UeKW8yp,You & Me,46.0,3.0,spotify:track:008lRa3qOTxsZE3UeKW8yp,0.84,0.715,-4.307,0.0836,0.2,0.0145,0.103,0.736,118.988,"Hariharan, Shreya Ghoshal",Khaidi No 150,2017-01-05
4,6lINfLttHSl6Q0uGyCFVsw,Allegro,44.0,5.0,spotify:track:6lINfLttHSl6Q0uGyCFVsw,0.776,0.804,-3.274,0.11,0.0526,0.0131,0.0707,0.76,105.051,"Devi Sri Prasad, Rita",Kanthaswamy (Original Motion Picture Soundtrack),2009-05-07
5,4lGIy8N9aPgfUf04oFH2GS,Excuse Me,51.0,1.0,spotify:track:4lGIy8N9aPgfUf04oFH2GS,0.86,0.811,-4.119,0.288,0.0808,1.24e-05,0.0431,0.783,88.011,"Devi Sri Prasad, Vikram, Suchitra",Kanthaswamy (Original Motion Picture Soundtrack),2009-05-07
6,2zpzbfEexXPmymYNWU1Bha,Yevevo,46.0,5.0,spotify:track:2zpzbfEexXPmymYNWU1Bha,0.621,0.328,-9.358,0.0302,0.752,0.0,0.211,0.405,114.967,"Akhil Akkineni, Jonita Gandhi",Hello!,2017-12-06
7,4mOmWSdTmf6fSAibGWCKp7,Mental Manadhil,63.0,4.0,spotify:track:4mOmWSdTmf6fSAibGWCKp7,0.568,0.886,-7.983,0.081,0.0123,3.4e-05,0.361,0.846,160.054,"A.R. Rahman, Jonita Gandhi",O Kadhal Kanmani (Original Motion Picture Soundtrack),2015-04-07
8,0VhKdIMXZ3INkyDoIyPy5l,"The Naari Naari Song (From ""Made in China"")",50.0,1.0,spotify:track:0VhKdIMXZ3INkyDoIyPy5l,0.704,0.933,-4.165,0.043,0.039,0.0,0.582,0.595,119.984,"Sachin-Jigar, Vishal Dadlani, Jonita Gandhi","The Naari Naari Song (From ""Made in China"")",2019-10-09
9,1L5jOr4vqumGibHTQtVwWq,Maacho,53.0,1.0,spotify:track:1L5jOr4vqumGibHTQtVwWq,0.821,0.55,-7.504,0.0675,0.0134,0.000801,0.122,0.737,128.052,"A.R. Rahman, Sid Sriram, Shweta Mohan",Mersal (Original Motion Picture Soundtrack),2017-08-20
10,2ZsCyXSXq6MzF8ErgKsY52,Manasulone Nilichipoke,46.0,3.0,spotify:track:2ZsCyXSXq6MzF8ErgKsY52,0.683,0.508,-9.986,0.0465,0.803,0.00228,0.13,0.608,134.928,Chinmayi,Varudu Kaavalenu,2021-10-25
11,7ox1JFNmfgRtUBY1kx2aIj,Pataas Pilla,62.0,1.0,spotify:track:7ox1JFNmfgRtUBY1kx2aIj,0.754,0.545,-11.195,0.226,0.275,0.0,0.0792,0.544,150.024,"Sricharan Pakala, Anirudh Ravichander",DJ Tillu,2022-01-24
20,4SwrKUWClv1t4HqK5SeMCo,Bhavani Theme - Background Score,51.0,3.0,spotify:track:4SwrKUWClv1t4HqK5SeMCo,0.511,0.817,-8.687,0.0303,0.0856,0.889,0.282,0.198,97.026,Anirudh Ravichander,Master (Original Background Score),2021-02-08
135,6LtQGnMSsQ859t930Anbyk,Senthoora,57.0,2.0,spotify:track:6LtQGnMSsQ859t930Anbyk,0.427,0.646,-1.708,0.03,0.163,0.0,0.301,0.543,159.998,"D. Imman, Luksimi Sivaneswaralingam",Bogan (Original Motion Picture Soundtrack),2016-12-03
136,5E77whCdMnf9lYf1dxBm6f,Damn Damn,34.0,1.0,spotify:track:5E77whCdMnf9lYf1dxBm6f,0.859,0.649,-4.747,0.152,0.224,0.0,0.191,0.634,94.006,"M.M. Manasi, Sherin Shahana",Vanamagan (Original Motion Picture Soundtrack),2017-04-22
137,3vaYzaOkZuxG7R4J3jkwr6,Yemma Yea Alagamma,43.0,2.0,spotify:track:3vaYzaOkZuxG7R4J3jkwr6,0.64,0.639,-5.904,0.0459,0.337,1.6e-06,0.124,0.607,82.062,"Bombay Jayashri, Haricharan",Vanamagan (Original Motion Picture Soundtrack),2017-04-22
138,3SwCB7tN5NxOrXURK1cx2A,Stylish Thamizhachi,48.0,5.0,spotify:track:3SwCB7tN5NxOrXURK1cx2A,0.676,0.86,-4.271,0.131,0.0804,0.0,0.059,0.665,80.01,"Yuvan Shankar Raja, M.M. Manasi, Rubba Bend.Psycho Unit",Arrambam (Original Motion Picture Soundtrack),2013-09-23
139,2Au8e2PqCSiCo1BC1AdEeZ,Don't You Mess With Me,33.0,2.0,spotify:track:2Au8e2PqCSiCo1BC1AdEeZ,0.73,0.87,-6.506,0.0641,0.0775,8.86e-05,0.319,0.904,144.993,"Anirudh Ravichander, Shruti Haasan, Shakthisree Gopalan",Vedalam (Original Motion Picture Soundtrack),2015-10-16
142,2SpXWvC0VX6g14U5dXRFMP,"Mudhal Mazhai (From ""Bheema"")",45.0,23.0,spotify:track:2SpXWvC0VX6g14U5dXRFMP,0.801,0.513,-7.826,0.0365,0.231,0.00855,0.0735,0.581,113.988,"Prasanna.R, Hariharan, Mahathi",Vikram Hits,2013-05-29
143,2fsRouU9GgRh1jeObvYhBh,Mudhal Mazhai (From Bheema),47.0,1.0,spotify:track:2fsRouU9GgRh1jeObvYhBh,0.801,0.513,-7.826,0.0365,0.231,0.00855,0.0735,0.581,113.988,"Prasanna.R, Hariharan, Mahathi",Singer Special Hariharan and K.J.Jesudas,2013-05-13
144,7w4kFO2slzHCu1qEOMaPkl,Maari Thara Local - Here Comes Maari,57.0,1.0,spotify:track:7w4kFO2slzHCu1qEOMaPkl,0.709,0.956,-4.695,0.255,0.622,1.1e-06,0.0982,0.664,94.945,"Anirudh Ravichander, Dhanush",Maari (Original Motion Picture Soundtrack),2015-06-07
149,2109dBho14Lqh2wr8goqAP,Enna Solla - The New Life of Tamizh,56.0,2.0,spotify:track:2109dBho14Lqh2wr8goqAP,0.621,0.515,-9.019,0.0453,0.616,0.000137,0.11,0.657,109.891,"Anirudh Ravichander, Shweta Mohan",Thangamagan (Original Motion Picture Soundtrack),2015-11-27
150,5EjVRbQFSLYyeNLlO7qGLY,What a Karavaad,57.0,4.0,spotify:track:5EjVRbQFSLYyeNLlO7qGLY,0.431,0.794,-5.78,0.428,0.0759,0.0,0.85,0.448,75.028,"Anirudh Ravichander, Dhanush",Velai Illa Pattadhaari (Original Motion Picture Soundtrack),2016-01-14
159,5DYfTyqUNBmOnQtljQjYk2,Ayyayo,66.0,5.0,spotify:track:5DYfTyqUNBmOnQtljQjYk2,0.608,0.705,-5.525,0.0364,0.499,0.000124,0.0878,0.733,75.031,"G. V. Prakash, S. P. Balasubrahmanyam, S.P.Charan, Prashanthini",Aadukalam (Original Motion Picture Soundtrack),2010-11-08
160,1J5lU9Mndqr74V7yVT8vgm,Ey Inge Paaru,46.0,6.0,spotify:track:1J5lU9Mndqr74V7yVT8vgm,0.754,0.837,-4.098,0.0942,0.0667,5.87e-05,0.609,0.823,95.023,Anirudh Ravichander,Velai Illa Pattadhaari (Original Motion Picture Soundtrack),2016-01-14
161,5A6cWSeDqJqMwt2ylrVHko,Naan Dhaan Da Mass,48.0,8.0,spotify:track:5A6cWSeDqJqMwt2ylrVHko,0.655,0.809,-6.634,0.104,0.0812,0.0,0.185,0.559,85.023,"Santhosh Narayanan, ofRO, Arivu",Jagame Thandhiram (Original Motion Picture Soundtrack),2021-06-07
162,2kbxGCtWSV0f1ON720Bd4O,Don'u Don'u Don'u - The Don's Romance,62.0,3.0,spotify:track:2kbxGCtWSV0f1ON720Bd4O,0.776,0.82,-4.405,0.0414,0.287,0.000361,0.242,0.773,89.982,"Anirudh Ravichander, Alisha Thomas",Maari (Original Motion Picture Soundtrack),2015-06-07
171,09BF3kcZeMEG4Wzu0C4M9X,Kalyana Vayasu,53.0,1.0,spotify:track:09BF3kcZeMEG4Wzu0C4M9X,0.799,0.69,-5.427,0.223,0.367,7.77e-05,0.151,0.689,108.021,Anirudh Ravichander,Kolamavu Kokila,2018-07-19
172,5hA3rXEanTpROJ2thUL6vw,Halena,52.0,1.0,spotify:track:5hA3rXEanTpROJ2thUL6vw,0.76,0.786,-3.776,0.0464,0.19,0.0,0.0974,0.925,147.949,"Harris Jayaraj, Christopher Stanley, Abhay Jodhpurkar, Ujjayinee Roy",Iru Mugan (Original Motion Picture Soundtrack),2016-08-02
173,5NObORkzAytZ9tmAyGXaRP,Neeve,59.0,1.0,spotify:track:5NObORkzAytZ9tmAyGXaRP,0.511,0.713,-6.405,0.0443,0.052,0.0,0.0759,0.297,129.911,Yazin Nizar,Neeve,2016-10-21
174,4nQTjFHjgznhXpW2j3bu9Y,Chamka Chamka,49.0,4.0,spotify:track:4nQTjFHjgznhXpW2j3bu9Y,0.826,0.811,-6.347,0.0613,0.0303,0.0145,0.327,0.504,113.978,"Ranjith Govind, Geetha Madhuri",Chirutha,2007-08-21
175,3LYt0b1ljHUYoG5YL2WwWP,Ye Chilipi,53.0,3.0,spotify:track:3LYt0b1ljHUYoG5YL2WwWP,0.638,0.655,-7.338,0.0291,0.0181,0.0,0.422,0.497,109.973,Srinivas,Gharshana-New,2004-06-19
176,0anBHV3eP4hiHsLQR5AZsm,Cheliya Cheliya,55.0,1.0,spotify:track:0anBHV3eP4hiHsLQR5AZsm,0.574,0.911,-6.709,0.0888,0.262,0.0,0.366,0.756,135.494,"KK, Suchitra",Gharshana-New,2004-06-19
177,1tpSHNJZjyudKu3kK4wNJo,Pilla Nuvvu Leni Jeevitham,43.0,2.0,spotify:track:1tpSHNJZjyudKu3kK4wNJo,0.812,0.709,-7.857,0.0677,0.195,0.0,0.0993,0.908,91.928,"Anudeep Dev, Rahul",Pilla Nuvvu Leni Jeevitham,2014-10-25
178,0AEoopl9xD5DDfs0R3Aqqs,Pilla Chao,43.0,3.0,spotify:track:0AEoopl9xD5DDfs0R3Aqqs,0.74,0.901,-8.323,0.041,0.525,0.141,0.382,0.894,131.07,Rahul Nambiar,Businessman,2011-12-22
179,3na6VGHw5UrfEUHeHdAN6m,Pilla Picture Perfect,48.0,1.0,spotify:track:3na6VGHw5UrfEUHeHdAN6m,0.806,0.736,-5.219,0.0525,0.264,0.00788,0.118,0.939,122.992,Nikhita Gandhi,Ranarangam,2019-07-29
180,5W4pohpSOIHfD2GRMLPVKx,Boom Boom,37.0,1.0,spotify:track:5W4pohpSOIHfD2GRMLPVKx,0.79,0.578,-4.79,0.0423,0.0622,6.95e-05,0.309,0.528,104.006,Nikhita Gandhi,Spyder (Telugu),2017-09-09
181,1LlFJKCWj1G9mK0lBiYLk2,Ladio,48.0,3.0,spotify:track:1LlFJKCWj1G9mK0lBiYLk2,0.547,0.877,-5.306,0.0406,0.00218,0.0233,0.336,0.55,134.916,"A.R. Rahman, Nikhita Gandhi",I (Original Motion Picture Soundtrack),2014-09-18
182,2kFaEZJM9coKfesI5LOaPJ,Neethoney Dance,51.0,4.0,spotify:track:2kFaEZJM9coKfesI5LOaPJ,0.811,0.962,-2.719,0.0484,0.113,0.0,0.4,0.876,119.973,"Hiphop Tamizha, Nikhita Gandhi",Dhruva,2016-11-09
183,1feANd8EfcDP5UqSvbheM3,"Bekhayali (From ""Kabir Singh"")",69.0,1.0,spotify:track:1feANd8EfcDP5UqSvbheM3,0.308,0.585,-5.18,0.0428,0.45,0.0,0.319,0.345,171.843,"Sachet Tandon, Sachet-Parampara","Bekhayali (From ""Kabir Singh"")",2019-05-24
184,5O9jxRlG72h1sYxtqWwUcF,Shiddat Title Track,72.0,1.0,spotify:track:5O9jxRlG72h1sYxtqWwUcF,0.489,0.625,-6.497,0.0584,0.288,0.0,0.133,0.439,149.921,Manan Bhardwaj,Shiddat,2021-09-22
185,6qZyM6JV8ohLC4S2EL5sFh,Barbaadiyan,75.0,3.0,spotify:track:6qZyM6JV8ohLC4S2EL5sFh,0.758,0.57,-8.645,0.0462,0.00374,2.47e-06,0.184,0.567,126.966,"Sachet Tandon, Nikhita Gandhi, Madhubanti Bagchi, Sachin-Jigar",Shiddat,2021-09-22
186,0k2modGW9JkPeVZSYQvWhz,"Husn Parcham (From ""Zero"")",53.0,1.0,spotify:track:0k2modGW9JkPeVZSYQvWhz,0.737,0.887,-5.017,0.1,0.0335,0.000168,0.0604,0.423,102.028,"Bhoomi Trivedi, Raja Kumari, Ajay-Atul","Husn Parcham (From ""Zero"")",2018-12-12
187,5GSDiJH0cGvEurELsoZLXk,Mellane,18.0,2.0,spotify:track:5GSDiJH0cGvEurELsoZLXk,0.655,0.387,-9.44,0.034,0.609,0.0,0.151,0.166,109.866,Sanjith Hegde,Rider,2022-03-10
188,3ipHW5XTIQ5CtNWEurXuOI,Davva Davva,17.0,1.0,spotify:track:3ipHW5XTIQ5CtNWEurXuOI,0.745,0.703,-5.947,0.044,0.18,0.000312,0.0426,0.66,90.025,Armaan Malik,Rider,2022-03-10
189,5T4MUhBDobvQSx4DWSbkZo,"Davva Davva (From ""Rider"")",44.0,1.0,spotify:track:5T4MUhBDobvQSx4DWSbkZo,0.745,0.703,-5.947,0.044,0.18,0.000312,0.0426,0.66,90.025,"Armaan Malik, Arjun Janya","Davva Davva (From ""Rider"")",2021-10-16
190,2tcXKUZQb7mR2oaSFuJERr,Priya Priya,17.0,2.0,spotify:track:2tcXKUZQb7mR2oaSFuJERr,0.763,0.705,-8.303,0.053,0.687,0.165,0.078,0.595,93.013,Rahul Nambiar,Jaguar,2016-09-02
191,6BbiJnR7aBjCXyXS1Kv3pT,Mamaseetha,25.0,4.0,spotify:track:6BbiJnR7aBjCXyXS1Kv3pT,0.79,0.666,-6.187,0.0288,0.188,0.000438,0.128,0.754,97.947,"Karthik, Megha",Jaguar,2016-09-02
192,1wbFDTmeDnAisviEoxLTOw,Oorigobba Raaja,33.0,3.0,spotify:track:1wbFDTmeDnAisviEoxLTOw,0.803,0.742,-5.721,0.0602,0.221,5.92e-06,0.068,0.661,127.938,"Thaman S, Puneeth Rajkumar, Ramya Behra",Yuvarathnaa (Kannada) (Original Motion Picture Soundtrack),2021-08-04
193,2LFI7beuuO3cZUls7QWarg,Neenaade Naa,50.0,2.0,spotify:track:2LFI7beuuO3cZUls7QWarg,0.451,0.54,-9.268,0.0392,0.826,1.15e-06,0.156,0.458,186.07,"Thaman S, Armaan Malik, Shreya Ghoshal",Yuvarathnaa (Kannada) (Original Motion Picture Soundtrack),2021-08-04
194,6Mams2ZPHqDzPyQD1eM5x0,Guruvaram,0.0,2.0,spotify:track:6Mams2ZPHqDzPyQD1eM5x0,0.808,0.717,-7.768,0.129,0.609,2.42e-06,0.0925,0.821,97.001,Vijay Prakash,Kirrak Party (Original Motion Picture Soundtrack),2018-03-10
199,67Ws2eKhfhzdAv12gRLqo5,"Ye Chota Nuvvunna (feat. Tulsi Kumar, Haricharan Seshadri)",48.0,2.0,spotify:track:67Ws2eKhfhzdAv12gRLqo5,0.725,0.675,-6.225,0.0444,0.116,4.39e-05,0.099,0.641,92.017,"Guru Randhawa, Tulsi Kumar, Haricharan",Saaho,2019-08-28
200,4B7hHdp3YiEUoCfYJoRRP2,Digu Digu Digu Naaga,63.0,1.0,spotify:track:4B7hHdp3YiEUoCfYJoRRP2,0.676,0.921,-5.795,0.112,0.588,0.00115,0.107,0.666,175.976,Shreya Ghoshal,Varudu Kaavalenu,2021-08-04
201,41IQYtoxWhrxC6jKyyxHuK,So So Ga,52.0,1.0,spotify:track:41IQYtoxWhrxC6jKyyxHuK,0.736,0.618,-7.502,0.0604,0.631,6.8e-06,0.265,0.91,104.962,Sid Sriram,Manchi Rojulochaie,2021-11-01
202,43MaYmeXYuEH4mpuaGH0uC,Penny,60.0,1.0,spotify:track:43MaYmeXYuEH4mpuaGH0uC,0.788,0.889,-5.695,0.034,0.216,0.0283,0.137,0.862,100.982,"Thaman S, Nakash Aziz",Penny - Sarkaru Vaari Paata,2022-03-20
223,6SRzIqukq69xlvVoTSmrW5,So Baby,52.0,3.0,spotify:track:6SRzIqukq69xlvVoTSmrW5,0.624,0.868,-7.103,0.206,0.105,4.72e-05,0.12,0.563,133.125,"Anirudh Ravichander, Ananthakrrishnan",Doctor (Original Motion Picture Soundtrack),2021-10-05
224,7fdsoKCtpx2hYXDRMoActW,Chellamma,56.0,1.0,spotify:track:7fdsoKCtpx2hYXDRMoActW,0.525,0.68,-7.252,0.207,0.254,0.000348,0.0601,0.734,132.857,"Anirudh Ravichander, Jonita Gandhi",Doctor (Original Motion Picture Soundtrack),2021-10-05
225,3fdlG1p9oIxnUx5DsF8PZq,Arakkiye,35.0,1.0,spotify:track:3fdlG1p9oIxnUx5DsF8PZq,0.685,0.643,-7.204,0.0646,0.214,0.000724,0.183,0.275,107.979,"Anivee, Amitash, Jonita Gandhi",Arakkiye,2021-02-12
226,0DXR2HK3ygeK5sNYNWk1y1,Yeh Pyasi Jawani,29.0,15.0,spotify:track:0DXR2HK3ygeK5sNYNWk1y1,0.629,0.879,-8.062,0.134,0.226,5.83e-05,0.157,0.447,143.905,Alka Yagnik,Gupt (Original Motion Picture Soundtrack),1997-07-04
227,2tvswXYnZML2ef89dZuGAG,Mushkil Bada Yeh Pyaar Hai,43.0,11.0,spotify:track:2tvswXYnZML2ef89dZuGAG,0.61,0.971,-8.653,0.0512,0.141,0.00152,0.0991,0.634,129.948,"Alka Yagnik, Udit Narayan",Gupt (Original Motion Picture Soundtrack),1997-07-04
228,2r32XiAWtZbT3eLUvf4pag,Jee Le Zaraa,61.0,2.0,spotify:track:2r32XiAWtZbT3eLUvf4pag,0.584,0.698,-6.61,0.0376,0.447,0.0,0.0699,0.436,79.993,Vishal Dadlani,Talaash,2012-10-18
229,6XjJXPP3UiGtAQpYkD01c0,Chittiyaan Kalaiyaan,61.0,3.0,spotify:track:6XjJXPP3UiGtAQpYkD01c0,0.793,0.887,-5.285,0.0954,0.0962,6.39e-05,0.623,0.602,100.007,"Meet Bros Anjjan, Kanika Kapoor",Roy,2015-01-09
230,48pyUxg9RYuwie5M9R7qRn,Sooraj Dooba Hain,66.0,1.0,spotify:track:48pyUxg9RYuwie5M9R7qRn,0.616,0.75,-4.629,0.0594,0.172,0.0,0.137,0.434,128.051,"Arijit Singh, Aditi Singh Sharma",Roy,2015-01-09
231,4brSaQIT3bnnE41D042fgL,Tu Hai Ki Nahi,66.0,2.0,spotify:track:4brSaQIT3bnnE41D042fgL,0.535,0.754,-4.77,0.0562,0.458,1.6e-06,0.302,0.435,143.862,Ankit Tiwari,Roy,2015-01-09
232,4x723mcckl6ToQHuXPhrIX,Toota Jo Kabhi Tara,62.0,2.0,spotify:track:4x723mcckl6ToQHuXPhrIX,0.443,0.674,-6.302,0.0358,0.424,3.15e-05,0.121,0.219,139.906,"Atif Aslam, Sumedha Karmahe",A Flying Jatt,2016-08-04
233,13nt0ZQGcwH7oPitTFwjPX,Iraiva,42.0,4.0,spotify:track:13nt0ZQGcwH7oPitTFwjPX,0.571,0.729,-5.603,0.0481,0.198,0.0,0.103,0.378,140.062,"Anirudh Ravichander, Jonita Gandhi",Velaikkaran (Original Motion Picture Soundtrack),2017-12-04
234,47Cd4WP1ZOK8WXC68kqZ03,Ennadi Maayavi Nee,65.0,5.0,spotify:track:47Cd4WP1ZOK8WXC68kqZ03,0.55,0.246,-12.503,0.03,0.834,0.00279,0.0977,0.218,119.836,"Santhosh Narayanan, Sid Sriram",VadaChennai (Original Motion Picture Soundtrack),2018-09-23
235,0Xm3PXjA4kXu2GxBhkLk61,"Kutti Story (From ""Master"")",54.0,1.0,spotify:track:0Xm3PXjA4kXu2GxBhkLk61,0.694,0.557,-6.134,0.102,0.202,1.35e-06,0.0919,0.78,104.759,"Anirudh Ravichander, Thalapathy Vijay","Kutti Story (From ""Master"")",2020-02-14
236,0OgazYID6CUlSeiAoeuf5B,"Jigidi Killaadi (From ""Pattas"")",60.0,1.0,spotify:track:0OgazYID6CUlSeiAoeuf5B,0.858,0.786,-4.359,0.0495,0.0727,5.92e-06,0.0539,0.511,95.002,"Anirudh Ravichander, Vivek - Mervin","Jigidi Killaadi (From ""Pattas"")",2019-12-26
237,2oNRoniEFnPdaCfkOQ9m0C,"Rakita Rakita Rakita (From ""Jagame Thandhiram"")",63.0,1.0,spotify:track:2oNRoniEFnPdaCfkOQ9m0C,0.79,0.74,-7.505,0.168,0.581,0.000165,0.523,0.948,133.526,"Santhosh Narayanan, Dhanush, Dhee","Rakita Rakita Rakita (From ""Jagame Thandhiram"")",2020-07-28
238,2b4nWymybHj38A6XtQijiA,"Kaattu Payale (From ""Soorarai Pottru"")",61.0,1.0,spotify:track:2b4nWymybHj38A6XtQijiA,0.7,0.631,-8.377,0.212,0.325,0.000246,0.376,0.49,78.924,"G. V. Prakash, Dhee","Kaattu Payale (From ""Soorarai Pottru"")",2020-07-23
239,1baHxgYktT8eDdmtTozJF9,Enjoy Enjaami,64.0,1.0,spotify:track:1baHxgYktT8eDdmtTozJF9,0.856,0.709,-7.432,0.222,0.349,0.000209,0.225,0.856,110.009,"Dhee, Arivu, Santhosh Narayanan",Enjoy Enjaami,2021-03-05
256,6bUHZRZ4YpVxB1RWrPH5dh,Nenjame,56.0,2.0,spotify:track:6bUHZRZ4YpVxB1RWrPH5dh,0.606,0.647,-9.098,0.0672,0.261,5.43e-05,0.4,0.124,139.991,Anirudh Ravichander,Doctor (Original Motion Picture Soundtrack),2021-10-05
257,6GFtWQYco30oKpMr5xJwy2,"Soul of Doctor (Theme) [From ""Doctor""]",64.0,1.0,spotify:track:6GFtWQYco30oKpMr5xJwy2,0.473,0.837,-7.101,0.0336,0.0968,0.912,0.297,0.212,97.261,"Anirudh Ravichander, Niranjana Ramanan","Soul of Doctor (Theme) [From ""Doctor""]",2021-09-28
266,3H3x4NhR3wJh6IvRHmPvkd,"Tum Tum (From ""Enemy - Tamil"")",76.0,1.0,spotify:track:3H3x4NhR3wJh6IvRHmPvkd,0.741,0.761,-5.414,0.143,0.759,0.000607,0.126,0.912,147.047,"Thaman S, Srivardhini, Aditi Bhavaraju, Satya Yamini, Roshini JKV, Tejaswini","Tum Tum (From ""Enemy - Tamil"")",2021-09-03
267,4TzigAgik8j6HvdTGWHOW3,Cheliya,44.0,4.0,spotify:track:4TzigAgik8j6HvdTGWHOW3,0.669,0.788,-6.611,0.0435,0.0626,8.03e-06,0.106,0.794,144.977,KK,Yevadu,2013-07-01
268,2NOTi5LCnVtftncWP9nXiG,Neneppudaina,43.0,4.0,spotify:track:2NOTi5LCnVtftncWP9nXiG,0.669,0.654,-7.638,0.0829,0.547,3.44e-05,0.127,0.473,88.951,"Shankar Mahadevan, Shreya Ghoshal",Ramayya Vasthavayya,2013-09-21
269,4cQ1djodOciziIoME8Yo9e,O Lailaa,32.0,3.0,spotify:track:4cQ1djodOciziIoME8Yo9e,0.641,0.954,-5.888,0.214,0.271,0.0,0.0595,0.726,134.941,"Rahul, Chours",Ramayya Vasthavayya,2013-09-21
270,1f0YhW497uhA3NKe5S3fkA,Jabilli Nuvve,38.0,1.0,spotify:track:1f0YhW497uhA3NKe5S3fkA,0.838,0.72,-8.892,0.0376,0.308,0.000426,0.229,0.933,120.038,Ranjith Govind,Ramayya Vasthavayya,2013-09-21
271,1NvPsjNqD527lOJ2z8ucnb,Emo Emo,35.0,4.0,spotify:track:1NvPsjNqD527lOJ2z8ucnb,0.806,0.676,-5.262,0.0451,0.338,0.0,0.15,0.822,109.954,"Armaan Malik, Shreya Ghoshal",Katamarayudu,2017-03-03
280,0WoXNjPmNxccicpCj1LPtu,Mass Biriyani,49.0,4.0,spotify:track:0WoXNjPmNxccicpCj1LPtu,0.816,0.941,-4.777,0.0621,0.555,0.000189,0.0541,0.864,128.066,"Rahul Nambiar, Sahithi Chaganti",Krack,2021-01-08
281,3WFhdtvbXKXfRSJ2cPgdph,Yaen Ennai,34.0,1.0,spotify:track:3WFhdtvbXKXfRSJ2cPgdph,0.841,0.752,-5.986,0.0758,0.0372,0.0,0.707,0.653,122.999,"Harris Jayaraj, Sunitha Sarathy, Kharesma Ravichandran",Yennai Arindhaal (Original Motion Picture Soundtrack),2015-01-04
282,5ich0wSxDxMryEjwZo6XzG,Mazhai Vara Pogudhae,54.0,2.0,spotify:track:5ich0wSxDxMryEjwZo6XzG,0.835,0.739,-5.832,0.0448,0.164,0.0,0.0812,0.675,111.986,"Harris Jayaraj, Karthik, Emcee Jesz",Yennai Arindhaal (Original Motion Picture Soundtrack),2015-01-04
283,78PoXHAbXHvOx0HMaa1a8z,I Wanna Fly,52.0,3.0,spotify:track:78PoXHAbXHvOx0HMaa1a8z,0.648,0.911,-2.93,0.0486,0.107,0.0,0.176,0.526,91.983,"L. V. Revanth, Sanjith Hegde, Hiphop Tamizha",Krishnarjuna Yudham,2018-03-26
284,2M8ic65G0VLkS6nEY53Uex,Kadhal Cricket - Love (Not Out),53.0,3.0,spotify:track:2M8ic65G0VLkS6nEY53Uex,0.624,0.764,-3.724,0.0577,0.232,0.00055,0.131,0.961,190.089,"Hiphop Tamizha, Kharesma Ravichandran",Thani Oruvan (Original Motion Picture Soundtrack),2015-07-22
285,4nSwWiwtieiNmRAjy9fEXN,Kannala Kannala - The Melting Point of Love,63.0,2.0,spotify:track:4nSwWiwtieiNmRAjy9fEXN,0.593,0.776,-4.343,0.0325,0.216,2.94e-05,0.329,0.634,81.992,"Hiphop Tamizha, Kaushik Krish, Padmalatha",Thani Oruvan (Original Motion Picture Soundtrack),2015-07-22
286,0zsA45R0SQPfqC5TyDOqY8,Neeyum Naanum Anbe,69.0,3.0,spotify:track:0zsA45R0SQPfqC5TyDOqY8,0.467,0.826,-3.885,0.049,0.298,0.0,0.204,0.417,160.025,"Hiphop Tamizha, Raghu Dixit, Sathyaprakash D., Jithin Raj",Imaikkaa Nodigal (Original Motion Picture Soundtrack),2018-06-27
287,2cbRVHdH6ab9sPsnQjFRx6,Poongatre Poongatre,54.0,2.0,spotify:track:2cbRVHdH6ab9sPsnQjFRx6,0.825,0.669,-9.117,0.0475,0.0761,0.169,0.329,0.767,119.993,"Yuvan Shankar Raja, Benny Dayal",Paiya (Original Motion Picture Soundtrack),2010-11-22
288,788Lp6lHrCrxJAZvS2l9YZ,Dum Dum,53.0,4.0,spotify:track:788Lp6lHrCrxJAZvS2l9YZ,0.748,0.812,-7.938,0.0471,0.0634,0.00146,0.114,0.906,99.994,"Salimâ€“Sulaiman, Benny Dayal, Himani Kapoor, Amitabh Bhattacharya",Band Baaja Baaraat,2010-03-11
289,7DogGBT86sbjsNWQSIGLtB,Jenniper Lopez,52.0,5.0,spotify:track:7DogGBT86sbjsNWQSIGLtB,0.792,0.916,-7.908,0.18,0.0784,8.64e-06,0.0435,0.845,92.119,"Benny Dayal, Priya",Jalsa,2008-02-28
290,53DXM0bHfB7xkqJZYlksuh,Kaise Mujhe,63.0,3.0,spotify:track:53DXM0bHfB7xkqJZYlksuh,0.59,0.414,-12.391,0.0346,0.781,0.000522,0.146,0.292,82.002,"Benny Dayal, Shreya Ghoshal",Ghajini,2008-11-25
291,3V3QbgrOZKtFv5MXzAAdZr,Locha-E-Ulfat,58.0,2.0,spotify:track:3V3QbgrOZKtFv5MXzAAdZr,0.705,0.74,-5.82,0.0505,0.0365,0.0,0.487,0.928,106.953,Benny Dayal,2 States,2014-03-14
292,7DonyrUlcVcrtk28mqvWNL,Bang Bang,64.0,2.0,spotify:track:7DonyrUlcVcrtk28mqvWNL,0.705,0.678,-8.644,0.0415,0.0483,7.01e-05,0.496,0.691,120.042,"Benny Dayal, Neeti Mohan",Bang Bang (Original Motion Picture Soundtrack),2014-09-15
293,0hgTkEDY9oIG5DPKN39KHP,Ude Dil Befikre,60.0,2.0,spotify:track:0hgTkEDY9oIG5DPKN39KHP,0.704,0.952,-2.331,0.0333,0.0408,0.0,0.335,0.902,106.99,"Vishal-Shekhar, Benny Dayal, Jaideep Sahni",Befikre,2016-12-01
294,7CDP4uXu6mkBDzaTOx9yTS,Aadat Se Majboor,58.0,1.0,spotify:track:7CDP4uXu6mkBDzaTOx9yTS,0.836,0.629,-7.812,0.0788,0.359,3.01e-05,0.101,0.801,115.048,"Salimâ€“Sulaiman, Benny Dayal, Amitabh Bhattacharya",Ladies Vs Ricky Bahl,2011-09-11
295,4eu27jAU2bbnyHUC3G75U8,Badtameez Dil,66.0,1.0,spotify:track:4eu27jAU2bbnyHUC3G75U8,0.806,0.932,-2.228,0.0684,0.24,0.0,0.216,0.792,106.021,"Pritam, Benny Dayal, Shefali Alvares",Yeh Jawaani Hai Deewani,2013-03-30
296,7d5ufSYehroRIgCXxJvcTM,"Chura Ke Dil Mera - From ""Hungama 2""",67.0,1.0,spotify:track:7d5ufSYehroRIgCXxJvcTM,0.737,0.857,-5.806,0.0451,0.0588,1.17e-05,0.281,0.817,126.005,"Benny Dayal, Anmol Malik, Anu Malik","Chura Ke Dil Mera (From ""Hungama 2"")",2021-07-06
305,4KUQFOGTaHrggl3hfMoaAe,"Kannamma - From ""Ispade Rajavum Idhaya Raniyum""",58.0,1.0,spotify:track:4KUQFOGTaHrggl3hfMoaAe,0.729,0.695,-8.524,0.0312,0.522,0.000621,0.113,0.599,127.992,"Sam C.S., Anirudh Ravichander","Kannamma (From ""Ispade Rajavum Idhaya Raniyum"")",2019-01-11
306,3Y7Dt0uszkNBMBTdxyckaV,Haali Haali,34.0,2.0,spotify:track:3Y7Dt0uszkNBMBTdxyckaV,0.798,0.806,-5.002,0.067,0.121,1.56e-06,0.0663,0.805,102.968,"Brijesh Tripati Sandilya, Harini, Sunitha",Spyder (Telugu),2017-09-09
311,3CW0qWSqqqDvQWritNm7bC,Avunu Nijam,44.0,3.0,spotify:track:3CW0qWSqqqDvQWritNm7bC,0.845,0.721,-6.817,0.0599,0.0319,0.00103,0.301,0.583,115.013,"KK, Sunitha",Athadu,2005-10-10
316,5kmh1Zf0hYESmxwDI1IosB,Gundu Sudhi,54.0,6.0,spotify:track:5kmh1Zf0hYESmxwDI1IosB,0.67,0.702,-6.773,0.0416,0.564,2.27e-06,0.303,0.835,134.87,"M. M. Keeravani, Sunitha",Chatrapathi,2005-09-25
317,0Jid8Dg6yoDuLx4B7TBnRD,Dhimmathirigae,37.0,6.0,spotify:track:0Jid8Dg6yoDuLx4B7TBnRD,0.866,0.913,-5.076,0.0949,0.369,0.00316,0.0655,0.872,104.997,"Simha, Geetha Madhuri, Priya Hemesh",Srimanthudu,2015-07-18
318,6InORfDvGGMxwR6iUUvS32,Ittage Recchipodham,42.0,5.0,spotify:track:6InORfDvGGMxwR6iUUvS32,0.926,0.814,-6.959,0.199,0.12,1.97e-06,0.0811,0.553,102.991,"Geetha Madhuri, Dhanunjay Seepana, Anudeep Dev, Arun",Temper,2015-01-28
319,5oyZumEp7fAIVnQhCKE6YZ,Door Number Okati,47.0,6.0,spotify:track:5oyZumEp7fAIVnQhCKE6YZ,0.631,0.84,-6.698,0.31,0.321,0.00272,0.238,0.61,81.003,Geetha Madhuri,Oopiri,2016-02-28
320,0FSrCEox8bEpO3RD6ZfEr5,Top Lesi Poddi,54.0,5.0,spotify:track:0FSrCEox8bEpO3RD6ZfEr5,0.64,0.938,-3.423,0.185,0.104,0.000116,0.119,0.898,82.874,"Sagar, Geetha Madhuri",Idharammayilatho,2013-04-28
321,6YjMX6G0PoWx9WzYZyQBxt,Pakado Pakado,6.0,6.0,spotify:track:6YjMX6G0PoWx9WzYZyQBxt,0.781,0.659,-10.652,0.421,0.411,1.06e-05,0.152,0.704,95.005,"Vinayak, Sameera Bharadwaj",Julayi,2021-02-19
322,0znPMva9iUlMq0o0hpb6Fw,Hey Bombatu Byke Ayithe,8.0,5.0,spotify:track:0znPMva9iUlMq0o0hpb6Fw,0.865,0.571,-11.37,0.0942,0.2,0.0,0.562,0.913,92.004,"Dhanunjay Seepana, Harini Ivvaturi",Julayi,2021-02-19
323,05j8OBtR02Y6w0DUY5sbTT,Don Bosco,41.0,2.0,spotify:track:05j8OBtR02Y6w0DUY5sbTT,0.743,0.977,-4.39,0.071,0.0537,0.00261,0.302,0.551,105.039,"Sri Krishna, Jaspreet Jasz, Hari Teja, Manisha Eerabathini, Ramya Behra",Amar Akbar Antony,2018-11-12
324,33Hsa0oH5W62aIfc8tT0uT,Kalala Kadhala,34.0,1.0,spotify:track:33Hsa0oH5W62aIfc8tT0uT,0.6,0.508,-7.493,0.0301,0.867,0.0359,0.11,0.449,114.988,Harini Ivvaturi,Amar Akbar Antony,2018-11-12
325,497aKHFYNcS1z3bliPu45t,Hawa Hawa,41.0,5.0,spotify:track:497aKHFYNcS1z3bliPu45t,0.825,0.798,-3.792,0.321,0.361,0.0,0.194,0.596,137.981,"Mika Singh, Prakriti Kakar",Mubarakan,2017-07-06
326,6BBW4MBbbqRGIugKUzmG6P,Zara Zara X Cradles,41.0,1.0,spotify:track:6BBW4MBbbqRGIugKUzmG6P,0.733,0.666,-5.207,0.0379,0.628,0.482,0.139,0.535,160.051,Naim Almas,Zara Zara X Cradles,2021-12-31
327,3B7eDo0JA8rkMRsPa9n7rq,Vaseegara / Zara Zara Mashup,44.0,1.0,spotify:track:3B7eDo0JA8rkMRsPa9n7rq,0.833,0.193,-10.131,0.275,0.709,2.26e-05,0.0657,0.674,129.927,Jonita Gandhi,Vaseegara / Zara Zara Mashup - Single,2020-02-20
328,3Ey5rxxpgnt9pzxvsszh89,Ide Kalala Vunnadhe,36.0,4.0,spotify:track:3Ey5rxxpgnt9pzxvsszh89,0.852,0.719,-3.919,0.0358,0.395,0.00349,0.152,0.966,127.019,Andrea Jeremiah,Bharat Ane Nenu,2018-04-07
329,2EmoaXUqkNFzIj6L9Oy0uy,Kadhal Yaanai,55.0,1.0,spotify:track:2EmoaXUqkNFzIj6L9Oy0uy,0.819,0.703,-8.506,0.0946,0.0913,4.24e-05,0.129,0.699,104.931,"Shankar Mahadevan, Harini",Anniyan (Original Motion Picture Soundtrack),2005-06-17
330,5FF8zFVcdfylo72ANbh9wV,Kannum Kannum,55.0,3.0,spotify:track:5FF8zFVcdfylo72ANbh9wV,0.82,0.716,-8.315,0.0638,0.0818,2.53e-05,0.272,0.831,121.01,"Leslee Lewis, Andrea Jeremiah, Vasundhara Das",Anniyan (Original Motion Picture Soundtrack),2005-06-17
331,28fPIWqAfqoEEGSb0rA4LZ,Oo Solriya Oo Oo Solriya,72.0,1.0,spotify:track:28fPIWqAfqoEEGSb0rA4LZ,0.904,0.706,-6.717,0.0846,0.447,0.0851,0.197,0.486,128.038,Andrea Jeremiah,Pushpa - The Rise,2021-12-10
332,5EjkZ4AnBMR6DAN3Xli42y,Five Feet,29.0,2.0,spotify:track:5EjkZ4AnBMR6DAN3Xli42y,0.939,0.971,-7.06,0.18,0.104,6.75e-06,0.076,0.589,124.991,"Tippu, Priya",Jagadam,2007-03-16
333,1SuxPUyP3zTyU9MA6k9e1F,Mu Mu Mudante,24.0,5.0,spotify:track:1SuxPUyP3zTyU9MA6k9e1F,0.844,0.583,-7.656,0.0555,0.0346,0.000238,0.268,0.969,110.041,"Tippu, Sunitha",Jagadam,2007-03-16
334,20S7lyoAgNXpBKoXG4rM4B,Yekantanga,32.0,6.0,spotify:track:20S7lyoAgNXpBKoXG4rM4B,0.767,0.81,-7.033,0.0388,0.181,0.00175,0.126,0.654,106.006,Karunya,Ashok,2006-07-06
335,1QtFtMgfd7brff3mAGuWg8,Choododhu,48.0,6.0,spotify:track:1QtFtMgfd7brff3mAGuWg8,0.812,0.857,-6.149,0.0511,0.0948,0.0185,0.0863,0.663,120.015,"Karthik, Mahalakshmi Iyer",Pokiri,2006-04-08
336,5m1GXpMwU55oCr17bNcgyl,Jagadame,44.0,5.0,spotify:track:5m1GXpMwU55oCr17bNcgyl,0.713,0.893,-5.259,0.0451,0.0502,0.0528,0.199,0.632,112.985,Kunal Ganjawala,Pokiri,2006-04-08
337,5Y0fbLc9DWYYwcKF5DQPiw,Ippatikinka,50.0,4.0,spotify:track:5Y0fbLc9DWYYwcKF5DQPiw,0.822,0.78,-5.003,0.0424,0.285,1.31e-05,0.111,0.554,106.0,"Muralidar, Suchitra",Pokiri,2006-04-08
338,6E2MIXNryG2WcVb9sh1I8L,Gala Gala Paruthunna,51.0,3.0,spotify:track:6E2MIXNryG2WcVb9sh1I8L,0.697,0.756,-5.02,0.089,0.52,9.18e-06,0.123,0.586,101.021,Nihal,Pokiri,2006-04-08
339,3Mfoxtd3ZvpIZHy1WnEF77,Dole Dole,53.0,2.0,spotify:track:3Mfoxtd3ZvpIZHy1WnEF77,0.665,0.859,-4.466,0.167,0.12,1.16e-05,0.474,0.791,167.954,"Ranjith Govind, Suchitra",Pokiri,2006-04-08
340,4pCRP5zNeDHLRh7zmPJOtx,Noppi Noppi,46.0,1.0,spotify:track:4pCRP5zNeDHLRh7zmPJOtx,0.77,0.865,-5.025,0.0708,0.053,0.000298,0.497,0.614,99.021,Naveen,Pokiri,2006-04-08
341,25MPTnqXQB1H6OkwSYUXWx,"Malang (Title Track) [From ""Malang - Unleash The Madness""]",69.0,1.0,spotify:track:25MPTnqXQB1H6OkwSYUXWx,0.384,0.728,-6.503,0.0623,0.329,1.85e-05,0.329,0.311,156.396,Ved Sharma,"Malang (Title Track) [From ""Malang - Unleash The Madness""]",2020-01-16
342,5bAed2aRbQbjDZF9qkNSA2,"Hui Malang (From ""Malang - Unleash The Madness"")",55.0,1.0,spotify:track:5bAed2aRbQbjDZF9qkNSA2,0.633,0.904,-5.09,0.0564,0.0337,4.31e-05,0.122,0.259,124.008,"Asees Kaur, Ved Sharma","Hui Malang (From ""Malang - Unleash The Madness"")",2020-02-03
343,4xmkpE1Si5JL7NFxWrhV0S,"Humraah (From ""Malang - Unleash The Madness"")",69.0,1.0,spotify:track:4xmkpE1Si5JL7NFxWrhV0S,0.468,0.854,-3.932,0.059,0.176,0.0,0.126,0.277,155.867,"Sachet Tandon, The Fusion Project","Humraah (From ""Malang - Unleash The Madness"")",2020-01-23
344,3ewpBHToQVjCv2q7SnmsFd,Hatha,20.0,3.0,spotify:track:3ewpBHToQVjCv2q7SnmsFd,0.627,0.783,-9.383,0.0444,0.0593,0.0489,0.487,0.413,119.972,Lalith Chilukuri,Goodachari,2018-07-23
345,4Enr48UdAmBWn6PLgSLsqS,Anaganaga,20.0,1.0,spotify:track:4Enr48UdAmBWn6PLgSLsqS,0.753,0.53,-8.851,0.0429,0.409,0.00708,0.134,0.425,130.02,Ambika Sashital,Goodachari,2018-07-23
346,3XrgFJdi7Isja4pq7owxdc,Sakhiya,32.0,2.0,spotify:track:3XrgFJdi7Isja4pq7owxdc,0.687,0.515,-9.823,0.0404,0.116,0.64,0.431,0.334,128.013,"Sricharan Pakala, Yamini Ghantasala",Goodachari,2018-07-23
347,66pcLcrEnus8gEcbmsN4vs,Goodachari Main Theme,25.0,5.0,spotify:track:66pcLcrEnus8gEcbmsN4vs,0.6,0.846,-7.377,0.0565,0.0163,0.596,0.333,0.441,159.951,Sricharan Pakala,Goodachari,2018-07-23
348,0ctKfa1O6O4UueGLhqKJB3,You Are My Heart Beat - Telugu,37.0,1.0,spotify:track:0ctKfa1O6O4UueGLhqKJB3,0.742,0.499,-7.797,0.0403,0.551,0.000206,0.0792,0.778,124.951,"Anurag Kulkarni, Mickey J. Meyer",Iddari Lokam Okate,2019-12-13
349,4tapO1vYD4YLoUCkgDGwab,You Are My Heart Beat,34.0,1.0,spotify:track:4tapO1vYD4YLoUCkgDGwab,0.742,0.499,-7.797,0.0403,0.551,0.000206,0.0792,0.778,124.951,Anurag Kulkarni,Iddari Lokam Okate,2019-10-14
350,5H1fqGHrjR78hQKw3iPjp2,Love Cheyyaala Oddhaa,38.0,3.0,spotify:track:5H1fqGHrjR78hQKw3iPjp2,0.862,0.731,-4.683,0.0951,0.215,0.000672,0.0919,0.905,138.075,Narendra,Kumari 21 F,2015-10-31
351,4YpxBrMONvVqbmXmYI2P5M,Meghaalu Lekunna,53.0,2.0,spotify:track:4YpxBrMONvVqbmXmYI2P5M,0.736,0.65,-5.958,0.0318,0.274,1.52e-06,0.179,0.608,134.859,Yazin Nizar,Kumari 21 F,2015-10-31
352,79l2r6sNwz2p2kCjK5eB8y,Naalo Chilipi Kala (Theme Song),56.0,1.0,spotify:track:79l2r6sNwz2p2kCjK5eB8y,0.805,0.501,-5.243,0.0514,0.589,2.86e-05,0.429,0.707,84.999,Yazin Nizar,Lover,2018-06-24
353,0sjg2rWD3IcQK07HOBw5Dq,"Summa Surrunu (From ""Etharkkum Thunindhavan"")",63.0,1.0,spotify:track:0sjg2rWD3IcQK07HOBw5Dq,0.701,0.862,-5.288,0.0543,0.025,2.81e-06,0.0801,0.884,142.031,"Armaan Malik, Nikhita Gandhi, D. Imman","Summa Surrunu (From ""Etharkkum Thunindhavan"")",2022-01-16
354,3CcZFF9VjwXrElkWZ6GjIX,Kurilae Kurilae,30.0,4.0,spotify:track:3CcZFF9VjwXrElkWZ6GjIX,0.876,0.751,-5.806,0.0524,0.0212,0.0045,0.115,0.517,136.024,"Harris Jayaraj, Javed Ali, Darshana K.T.",Kaappaan (Original Motion Picture Soundtrack),2019-07-22
355,6YNh7d9B3Jlwlzkvq2MMbb,Hey Amigo,56.0,3.0,spotify:track:6YNh7d9B3Jlwlzkvq2MMbb,0.863,0.753,-5.067,0.128,0.151,0.0141,0.0618,0.616,98.02,"Harris Jayaraj, Leslee Lewis, Jonita Gandhi",Kaappaan (Original Motion Picture Soundtrack),2019-07-22
356,06urexU7lv41RDdLnMzChi,Oh! Shanthi Shanthi,58.0,5.0,spotify:track:06urexU7lv41RDdLnMzChi,0.706,0.597,-7.045,0.041,0.464,0.0,0.226,0.41,132.91,"Harris Jayaraj, Clinton, S.P.Charan",Vaaranam Aayiram (Original Motion Picture Soundtrack),2008-10-08
357,6qRiVOBexkxK4BxSt1j6rn,Anbae Peranbae,62.0,3.0,spotify:track:6qRiVOBexkxK4BxSt1j6rn,0.685,0.561,-4.185,0.0298,0.481,0.00181,0.16,0.312,90.023,"Sid Sriram, Shreya Ghoshal",NGK (Original Motion Picture Soundtrack),2019-04-30
358,1Zmr2I4xoQdgphKB7or6Ns,Wi Wi Wi Wi Wifi,27.0,5.0,spotify:track:1Zmr2I4xoQdgphKB7or6Ns,0.804,0.909,-3.371,0.0475,0.0334,3.18e-05,0.309,0.77,116.038,Harris Jayaraj,S3 (Original Motion Picture Soundtrack),2016-11-28
363,2BB7wu5jJxxAEH9DKC5Mm4,En Idhayam,47.0,2.0,spotify:track:2BB7wu5jJxxAEH9DKC5Mm4,0.691,0.687,-3.963,0.0655,0.378,0.00547,0.15,0.882,89.899,"Devi Sri Prasad, Suchitra, Tippu",Singam (Original Motion Picture Soundtrack),2010-05-03
364,5APtMcc2hQv61LqoOrMv0O,Yeno Yeno Panithuli,52.0,2.0,spotify:track:5APtMcc2hQv61LqoOrMv0O,0.898,0.517,-10.897,0.0375,0.17,0.00549,0.0695,0.786,106.996,"Harris Jayaraj, Shail Hada, Sudha Ragunathan, Andrea Jeremiah",Aadhavan (Original Motion Picture Soundtrack),2009-08-09
365,5grxO9GFZTtN2CVMlbEuIv,"Suttum Vizhi - Language: Tamil; Film: Ghajini; Film Artists: Surya, Asin",0.0,3.0,spotify:track:5grxO9GFZTtN2CVMlbEuIv,0.789,0.595,-7.061,0.0502,0.0762,0.000475,0.0797,0.945,96.995,Sriram Parthasarathy,Ghajini,2005-01-01
366,13wIQbwSuQ4YFvDvtQgSVc,Vaarayo Vaarayo,67.0,4.0,spotify:track:13wIQbwSuQ4YFvDvtQgSVc,0.718,0.361,-9.74,0.0298,0.565,0.119,0.151,0.446,103.0,"Harris Jayaraj, Unnikrishnan, Chinmayi, Mega",Aadhavan (Original Motion Picture Soundtrack),2009-08-09
367,7yLBq1QePwcxPstePzca1I,Vizhi Moodi Yosithal,41.0,1.0,spotify:track:7yLBq1QePwcxPstePzca1I,0.739,0.366,-9.337,0.0547,0.115,0.0,0.0882,0.605,90.936,"Sathursan, Varothayan, Ab1shanth, Rajithan",Vizhi Moodi Yosithal,2022-02-27
368,6gw6Z0KmHZusBKaGQvkucO,Varinche Prema,0.0,3.0,spotify:track:6gw6Z0KmHZusBKaGQvkucO,0.797,0.634,-9.148,0.0411,0.287,0.0,0.13,0.812,100.004,Haricharan,Malli Malli Idi Rani Roju (Original Motion Picture Soundtrack),2014-12-07
369,4OUNQNh2YVBHSHCOhtoSo9,Marhaba,0.0,1.0,spotify:track:4OUNQNh2YVBHSHCOhtoSo9,0.791,0.503,-8.995,0.0448,0.578,1.74e-06,0.0911,0.912,138.977,"Aaishwarya, Bhavya, Lakshmi, Gopi Sundar",Malli Malli Idi Rani Roju (Original Motion Picture Soundtrack),2014-12-07
370,4L5HCtdYiuqxZo55mIgNtT,Yenno Yenno,0.0,2.0,spotify:track:4L5HCtdYiuqxZo55mIgNtT,0.779,0.421,-9.379,0.0345,0.7,0.0,0.323,0.568,100.065,"Karthik, Chinmayi",Malli Malli Idi Rani Roju (Original Motion Picture Soundtrack),2014-12-07
371,1W5Ap5w2SFAKuxebIU2CAN,Gusa Gusa Lade,0.0,1.0,spotify:track:1W5Ap5w2SFAKuxebIU2CAN,0.522,0.767,-6.194,0.0534,0.269,1.84e-05,0.439,0.381,170.852,"Karthik, Pranavi",Gentleman (Original Motion Picture Soundtrack),2016-05-22
372,1nBbMLTnf3bSyKrGVMoFxk,Hello Hello,41.0,2.0,spotify:track:1nBbMLTnf3bSyKrGVMoFxk,0.868,0.783,-5.136,0.0326,0.261,1.4e-06,0.0923,0.699,119.998,"Karthik, Chinmayi",Bhale Bhale Magadivoi,2015-08-15
373,0S2Db7xLxAf3qApr7Rm79V,Unnatundi Gundey,0.0,1.0,spotify:track:0S2Db7xLxAf3qApr7Rm79V,0.839,0.597,-7.079,0.0363,0.512,0.001,0.105,0.712,119.978,"Karthik, Chinmayi",Ninnu Kori (Original Motion Picture Soundtrack),2017-06-27
374,1xq01tN2IqpGSMjeWY1NLO,Ninu Choosthunte,0.0,5.0,spotify:track:1xq01tN2IqpGSMjeWY1NLO,0.897,0.575,-10.489,0.0965,0.139,0.021,0.126,0.847,130.007,"Siddharth, Sumangali",Aata (Original Motion Picture Soundtrack),2007
375,5FDoYv1LFnPy8lccP43ibI,Sa Sa Sye,0.0,4.0,spotify:track:5FDoYv1LFnPy8lccP43ibI,0.766,0.958,-4.627,0.255,0.027,0.00383,0.0483,0.551,95.015,"Karthik, K. S. Chithra",Bhadra (Original Motion Picture Soundtrack),2005
376,6yHLSsBq5QZbOzPohSckxD,Vastha Nee Venuka,0.0,2.0,spotify:track:6yHLSsBq5QZbOzPohSckxD,0.759,0.746,-6.602,0.0563,0.0299,1.27e-06,0.0864,0.583,119.985,"Hariharan, Harini",Nani (Original Motion Picture Soundtrack),2004
377,2RB0HGpFZ3ScPEqC7uCqr3,Hoyna,51.0,2.0,spotify:track:2RB0HGpFZ3ScPEqC7uCqr3,0.869,0.468,-10.478,0.0646,0.323,0.00102,0.203,0.926,127.966,"Karthik, K. S. Chithra",Aata,2007-04-26
378,6NCMhWthZdWGbG3ce0Muek,Oka Maru,51.0,1.0,spotify:track:6NCMhWthZdWGbG3ce0Muek,0.785,0.683,-7.406,0.0325,0.163,6.08e-05,0.262,0.862,111.97,Karthik,Ghajini,2005-10-26
379,6vztfVJ1lTWe23YMNv6Pk1,Hasili Fisiliye,57.0,1.0,spotify:track:6vztfVJ1lTWe23YMNv6Pk1,0.768,0.561,-9.388,0.0374,0.202,0.0,0.0986,0.449,97.016,"Harris Jayaraj, Karthik, Harini, Dr. Burn, Maya",Aadhavan (Original Motion Picture Soundtrack),2009-08-09
380,1RQw9ruSPj5Is7OzqG09Zs,Unnaale Unnaale,59.0,6.0,spotify:track:1RQw9ruSPj5Is7OzqG09Zs,0.784,0.629,-9.754,0.0424,0.364,2.4e-06,0.0941,0.843,101.016,"Karthik, Krishh, Harini",Unnale Unnale,2006-12-31
381,19O4hCGGm95UhvIyhwnNT5,"Thooriga - From ""Navarasa""",68.0,1.0,spotify:track:19O4hCGGm95UhvIyhwnNT5,0.662,0.688,-9.019,0.0413,0.0422,0.000918,0.431,0.365,102.95,Karthik,"Thooriga (From ""Navarasa"")",2021-07-12
382,4LUoIdnriI5UDn5R7u1D2N,Hold Me Now,48.0,4.0,spotify:track:4LUoIdnriI5UDn5R7u1D2N,0.695,0.838,-5.081,0.0431,0.155,2.55e-06,0.0561,0.664,95.985,"Sanjith Hegde, Thurga",Pyaar Prema Kaadhal (Original Motion Picture Soundtrack),2018-02-13
383,0zDmCKN7OlRmNmeiiJAyOR,High on Love,36.0,2.0,spotify:track:0zDmCKN7OlRmNmeiiJAyOR,0.625,0.78,-5.442,0.04,0.179,2.7e-06,0.114,0.615,149.978,Sid Sriram,Pyaar Prema Kaadhal (Original Motion Picture Soundtrack),2018-02-13
384,1vzxYeTJ9dTtyJXkNWVJDZ,En Kadhal Solla,61.0,5.0,spotify:track:1vzxYeTJ9dTtyJXkNWVJDZ,0.874,0.412,-5.746,0.0313,0.035,0.00684,0.102,0.56,105.019,"Yuvan Shankar Raja, Tanvi Shah",Paiya (Original Motion Picture Soundtrack),2010-11-22
385,2uqXfUERVBLa1heEoUTBlO,Thuli Thuli,61.0,1.0,spotify:track:2uqXfUERVBLa1heEoUTBlO,0.709,0.528,-7.429,0.0309,0.256,0.00189,0.112,0.649,91.999,"Yuvan Shankar Raja, Haricharan, Tanvi Shah",Paiya (Original Motion Picture Soundtrack),2010-11-22
386,70aYyuwZG2KxnJ5Yw5irTy,Dil Se,41.0,5.0,spotify:track:70aYyuwZG2KxnJ5Yw5irTy,0.817,0.86,-1.771,0.0485,0.242,1.78e-05,0.0512,0.891,94.027,"Karthik, Shweta Mohan",Gabbar Singh,2012-04-15
395,15tCasit297c9SsbU3R95d,"Mind Block (From ""Sarileru Neekevvaru"")",52.0,1.0,spotify:track:15tCasit297c9SsbU3R95d,0.922,0.921,-5.026,0.216,0.645,0.00536,0.0972,0.73,101.986,"Blaaze, Ranina Reddy, Devi Sri Prasad","Mind Block (From ""Sarileru Neekevvaru"")",2019-12-02
404,7wXnBBHySmyIIZIj1dEAMW,Naan Pizhaippeno,8.0,2.0,spotify:track:7wXnBBHySmyIIZIj1dEAMW,0.601,0.734,-8.512,0.0332,0.151,0.00112,0.106,0.296,123.002,Sathyaprakash,Enai Noki Paayum Thota (Original Motion Picture Soundtrack),2019-09-01
405,5p3WUyv5rvpCkreNJVg20K,Visiri,7.0,4.0,spotify:track:5p3WUyv5rvpCkreNJVg20K,0.373,0.331,-9.599,0.0344,0.595,7.9e-06,0.0997,0.518,115.242,"Sid Sriram, Shashaa Tirupati",Enai Noki Paayum Thota (Original Motion Picture Soundtrack),2019-09-01
406,0MqVQMkcEdJQ2cnFOOdrSk,Koova,29.0,1.0,spotify:track:0MqVQMkcEdJQ2cnFOOdrSk,0.94,0.696,-5.991,0.113,0.0551,6.85e-06,0.612,0.782,126.923,"Karthik, Chinna Ponnu",Ondraga Originals,2018-01-14
407,0PZmd2nRD30Yq6ZutVUq0F,Ulaviravu,35.0,1.0,spotify:track:0PZmd2nRD30Yq6ZutVUq0F,0.739,0.432,-11.12,0.0297,0.342,0.00595,0.0793,0.428,109.966,Karthik,"Ulaviravu (From ""Ondraga Originals"")",2018-02-14
408,5cMXwuQZ69FqGKtTmBc8ox,"Bodhai Kodhai (From ""Ondraga Originals"")",41.0,1.0,spotify:track:5cMXwuQZ69FqGKtTmBc8ox,0.748,0.357,-8.795,0.14,0.581,0.0,0.139,0.412,141.897,"Sanjith Hegde, Karthik","Bodhai Kodhai (From ""Ondraga Originals"")",2018-06-15
409,1rJmySqUrHQP0O4l1JX8E9,Rooba Rooba,0.0,6.0,spotify:track:1rJmySqUrHQP0O4l1JX8E9,0.843,0.611,-8.864,0.0497,0.121,0.00654,0.334,0.698,103.985,"Shahil Hada, Chinmayi",Orange,2010-10-25
410,2tMoOS9grHtn4upzb4LwMG,"Adiye - From ""Bachelor""",79.0,1.0,spotify:track:2tMoOS9grHtn4upzb4LwMG,0.709,0.454,-7.843,0.167,0.445,0.0,0.136,0.548,90.038,"Dhibu Ninan Thomas, Kapil Kapilan","Adiye (From ""Bachelor"")",2021-09-30
411,7CZYShn64kMixm8gqrTpww,OMG Ponnu,53.0,4.0,spotify:track:7CZYShn64kMixm8gqrTpww,0.809,0.714,-9.555,0.0342,0.00169,0.136,0.0573,0.514,130.011,"Sid Sriram, Jonita Gandhi",Sarkar (Tamil) [Original Motion Picture Soundtrack],2018-10-03
412,1wbxjQnN7MTk8MKt3SumyY,Taare Ginn,56.0,2.0,spotify:track:1wbxjQnN7MTk8MKt3SumyY,0.365,0.402,-11.946,0.0493,0.774,0.000732,0.0869,0.358,131.815,"A.R. Rahman, Mohit Chauhan, Shreya Ghoshal",Dil Bechara (Original Motion Picture Soundtrack),2020-07-10
413,6FJamQryHRITSdGXQFsWyg,Kanne Kanne - Madras Gig,52.0,1.0,spotify:track:6FJamQryHRITSdGXQFsWyg,0.736,0.76,-4.929,0.0533,0.198,0.0,0.121,0.491,90.044,"Leon James, Jonita Gandhi",Kanne Kanne (Madras Gig),2018-07-11
414,2ZvWoJ82LKCgD0nU9H5ue5,Main Tumhara,63.0,4.0,spotify:track:2ZvWoJ82LKCgD0nU9H5ue5,0.236,0.14,-13.478,0.0343,0.916,0.000148,0.087,0.123,76.805,"A.R. Rahman, Jonita Gandhi, Hriday Gattani",Dil Bechara (Original Motion Picture Soundtrack),2020-07-10
415,1M2x5Qu14L6B3rHHq37EiN,Ennai Konjum,54.0,2.0,spotify:track:1M2x5Qu14L6B3rHHq37EiN,0.843,0.726,-5.966,0.0345,0.128,1.71e-05,0.177,0.837,113.997,"Tippu, Salinisingh, Timmy",Kaakha Kaakha (Original Motion Picture Soundtrack),2003-09-27
416,7LuYc1yBvfvvLC1O7Ng4v4,Uyirin Uyire,58.0,5.0,spotify:track:7LuYc1yBvfvvLC1O7Ng4v4,0.689,0.805,-8.496,0.058,0.485,1.46e-06,0.142,0.834,135.528,"KK, K. S. Chithra",Kaakha Kaakha (Original Motion Picture Soundtrack),2003-09-27
417,6APAPsBCutqTFJ9OFTbeCa,Ondra Renda,60.0,3.0,spotify:track:6APAPsBCutqTFJ9OFTbeCa,0.642,0.562,-9.304,0.0607,0.584,0.0,0.104,0.671,149.82,Bombay Jayashri,Kaakha Kaakha (Original Motion Picture Soundtrack),2003-09-27
418,170FDLIeaq89cMUbj5YDnH,Dhoothu Varuma,48.0,1.0,spotify:track:170FDLIeaq89cMUbj5YDnH,0.645,0.947,-4.441,0.0788,0.0883,2.23e-06,0.216,0.69,147.947,"Sunitha Sarathy, Febi Mani",Kaakha Kaakha (Original Motion Picture Soundtrack),2003-09-27
419,7jbgGWtejoVBU9pCzYUMK8,Ra Ra Vasthava,31.0,3.0,spotify:track:7jbgGWtejoVBU9pCzYUMK8,0.747,0.613,-5.902,0.325,0.602,3.75e-06,0.0905,0.806,167.942,"Chaitra, Santosh",Heart Attack,2014-09-01
420,0Cg1ZVB80D5uDcTqJxQdxB,Thuhi Hai Thuhi,39.0,2.0,spotify:track:0Cg1ZVB80D5uDcTqJxQdxB,0.791,0.676,-7.268,0.0393,0.358,0.000152,0.267,0.595,105.042,"Anup Rubens, Smitha Belluri",Heart Attack,2014-09-01
421,1JQgT6ljGiO61B9l6OMO4B,Selavanuko,50.0,4.0,spotify:track:1JQgT6ljGiO61B9l6OMO4B,0.734,0.422,-11.564,0.0421,0.868,0.000175,0.116,0.613,98.983,Chaitra,Heart Attack,2014-09-01
422,3RTL7zAwEu9vi5F4M9zeX1,Ishq Shava,56.0,3.0,spotify:track:3RTL7zAwEu9vi5F4M9zeX1,0.731,0.9,-7.66,0.0466,0.126,0.0256,0.0722,0.963,143.991,"A.R. Rahman, Raghav, Shilpa Rao, Gulzar",Jab Tak Hai Jaan,2012-10-09
423,0WdbnNKO0Jt4BZACSDQh44,"Ghungroo (From ""War"")",73.0,1.0,spotify:track:0WdbnNKO0Jt4BZACSDQh44,0.695,0.727,-6.274,0.0323,0.0744,0.000175,0.533,0.864,118.034,"Vishal-Shekhar, Arijit Singh, Shilpa Rao, Kumaar","Ghungroo (From ""War"")",2019-09-30
424,58YRhhGJaz4x0BeqziPPaz,Yendi Raasathi,47.0,4.0,spotify:track:58YRhhGJaz4x0BeqziPPaz,0.59,0.322,-9.52,0.139,0.135,0.0,0.0959,0.654,108.079,"Sam C.S., Sathyaprakash, Roshini",Ispade Rajavum Idhaya Raniyum (Original Motion Picture Soundtrack),2019-01-28
425,0LMvYrD1JpHavQcyRoSaqZ,Beat In My Heart,33.0,1.0,spotify:track:0LMvYrD1JpHavQcyRoSaqZ,0.706,0.832,-5.26,0.075,0.00711,3.77e-05,0.0863,0.565,128.598,"Nagoor Babu, Gayathri",Gulabi,1995-02-19
426,20zCvFZMT85tLeqBy1jcwO,Padana Gopala,13.0,5.0,spotify:track:20zCvFZMT85tLeqBy1jcwO,0.876,0.644,-13.847,0.114,0.558,0.013,0.809,0.772,97.199,"Mano, Eeshwar, K. S. Chithra",Gayam,2014-08-01
427,1BftYfxjWNKjshPlkQaqe1,Nachave Nizam Pori,43.0,7.0,spotify:track:1BftYfxjWNKjshPlkQaqe1,0.806,0.947,-4.246,0.0705,0.149,0.00132,0.135,0.707,107.984,"Adnan Sami, Sunitha Rao",Varsham,2003-12-17
428,4gWJC4FcE32gKWIQwsIFMr,Jumbaye,27.0,3.0,spotify:track:4gWJC4FcE32gKWIQwsIFMr,0.76,0.48,-12.227,0.144,0.757,0.0,0.0817,0.355,112.206,"Mano, K. S. Chithra",Kshana Kshanam,2014-08-01
429,3dgyYMieHT1BDCnEwzQPp1,Jaamurathiri,51.0,2.0,spotify:track:3dgyYMieHT1BDCnEwzQPp1,0.695,0.253,-14.695,0.208,0.753,0.00483,0.439,0.487,158.438,"S. P. Balasubrahmanyam, K. S. Chithra",Kshana Kshanam,2014-08-01
430,1UBzRAza2ksUSDLAOv5exb,Ammayi Muddu,34.0,4.0,spotify:track:1UBzRAza2ksUSDLAOv5exb,0.883,0.533,-9.635,0.107,0.753,0.000955,0.0792,0.643,124.092,"S. P. Balasubrahmanyam, K. S. Chithra",Kshana Kshanam,2014-08-01
431,5PXmfhFNAxiqK86Xknc1HB,Darlingey,45.0,7.0,spotify:track:5PXmfhFNAxiqK86Xknc1HB,0.813,0.9,-3.528,0.145,0.178,0.000121,0.229,0.904,141.938,"Devi Sri Prasad, Geetha Madhuri",Mirchi,2013-01-05
432,4KDq9bn0wdEbIFQDi1CGgj,Apudo Ipudo,61.0,7.0,spotify:track:4KDq9bn0wdEbIFQDi1CGgj,0.88,0.711,-9.529,0.104,0.0519,0.00201,0.0667,0.819,102.986,Siddharth,Bommarillu,2006-08-14
433,5JXlco11iEcsd18MRehIHr,Om Namaha,42.0,7.0,spotify:track:5JXlco11iEcsd18MRehIHr,0.799,0.756,-2.791,0.0323,0.834,0.233,0.068,0.772,109.562,"S. P. Balasubrahmanyam, S. Janaki",Geetanjali,1989-05-10
434,2RNMlVEE41K8XQuuTqP8eL,O Priya,42.0,6.0,spotify:track:2RNMlVEE41K8XQuuTqP8eL,0.514,0.458,-4.242,0.0377,0.947,0.00568,0.472,0.418,80.468,"S. P. Balasubrahmanyam, K. S. Chithra",Geetanjali,1989-05-10
435,3g2zJRXASsSLUNM2sMbCcW,Jagada Jagada,37.0,2.0,spotify:track:3g2zJRXASsSLUNM2sMbCcW,0.932,0.865,-3.127,0.121,0.699,0.0115,0.327,0.924,123.736,S. P. Balasubrahmanyam,Geetanjali,1989-05-10
436,5dGcz3iPS3irCsAaTm05PS,Neethone,28.0,4.0,spotify:track:5dGcz3iPS3irCsAaTm05PS,0.867,0.55,-10.044,0.0644,0.0123,0.31,0.0817,0.559,112.027,"Kunal Ganjawala, Shreya Ghoshal",Adhurs,2009-12-05
437,57zEYntUat0ofbFpoicN26,Uppenantha,60.0,2.0,spotify:track:57zEYntUat0ofbFpoicN26,0.677,0.792,-2.612,0.133,0.185,2.49e-05,0.28,0.849,171.956,"Devi Sri Prasad, KK",Aarya - 2 (Original Motion Picture Soundtrack),2009-10-30
438,4HB1ILmewz18T9jGNHmmBe,Mr. Perfect,53.0,1.0,spotify:track:4HB1ILmewz18T9jGNHmmBe,0.941,0.743,-3.258,0.134,0.231,0.00312,0.0349,0.934,103.003,"Devi Sri Prasad, Baba Sehgal, Rita",Aarya - 2 (Original Motion Picture Soundtrack),2009-10-30
439,0xQQRL9Qci102qJlWvgQ3N,Ninne Pelladu,31.0,4.0,spotify:track:0xQQRL9Qci102qJlWvgQ3N,0.862,0.625,-9.778,0.168,0.0133,0.000287,0.141,0.737,133.057,"Ranjith Govind, Kalpana",Ready,2008-05-19
440,3WqQkDTab7sYjRX9Uf7mqr,Hello Rammante,0.0,4.0,spotify:track:3WqQkDTab7sYjRX9Uf7mqr,0.857,0.688,-6.709,0.0531,0.0991,5.3e-05,0.101,0.789,113.992,"Vijay Prakash, Devan Ekambaram, D.Burn",Orange,2010-10-25
465,40Z8bpGJPxjClb4NK8j0LJ,Who R U,43.0,1.0,spotify:track:40Z8bpGJPxjClb4NK8j0LJ,0.707,0.948,-3.907,0.0723,0.0572,0.0538,0.879,0.78,138.035,Dsp,No 1 Nenokkadine,2014-08-01
466,6OKfxoZ4qW4ZHJs0RglVRr,Aww Tuzo,43.0,2.0,spotify:track:6OKfxoZ4qW4ZHJs0RglVRr,0.595,0.791,-5.068,0.189,0.283,0.186,0.0948,0.859,103.445,Neha Bhasin,No 1 Nenokkadine,2014-08-01
467,2O0gfUalCw8AM1KE3Tru2e,O Sayonara,47.0,3.0,spotify:track:2O0gfUalCw8AM1KE3Tru2e,0.601,0.906,-3.173,0.0389,0.0166,0.0178,0.121,0.898,150.001,"Sooraj Santhosh, M. M. Manasi",No 1 Nenokkadine,2014-08-01
468,14I31bbtEZVADFi1uCcxcu,Akasam Ammayaithe,46.0,2.0,spotify:track:14I31bbtEZVADFi1uCcxcu,0.796,0.9,-3.077,0.0524,0.4,1.43e-05,0.212,0.962,115.976,"Shankar Mahadevan, Gopika Poornima",Gabbar Singh,2012-04-15
473,1VDDoa82Oktn7FDPKBcsw8,O Madhu,51.0,2.0,spotify:track:1VDDoa82Oktn7FDPKBcsw8,0.836,0.647,-4.24,0.0553,0.489,0.123,0.164,0.963,94.984,Adnan Sami,Julai,2012-06-09
474,4PML5RtrVcYAwTTS46otXB,Vaathi Raid,62.0,8.0,spotify:track:4PML5RtrVcYAwTTS46otXB,0.806,0.93,-3.404,0.132,0.253,1.94e-05,0.106,0.666,100.016,"Anirudh Ravichander, Arivu",Master (Original Motion Picture Soundtrack),2020-03-16
475,2xr3uvrbq6OKCUX2puxj8q,Dimaak Kharaab,57.0,1.0,spotify:track:2xr3uvrbq6OKCUX2puxj8q,0.555,0.834,-6.084,0.315,0.0439,1.05e-05,0.0448,0.709,82.484,"Keerthana Sharma, Saketh","Dimaak Kharaab (From ""Ismart Shankar"")",2019-06-07
476,7tXaDnRF8OVbcecl0KurVn,Padi Padi Leche,58.0,1.0,spotify:track:7tXaDnRF8OVbcecl0KurVn,0.506,0.617,-6.677,0.0355,0.43,0.0,0.0815,0.358,149.931,"Armaan Malik, Sinduri Vishal",Padi Padi Leche Manasu,2018-12-10
477,1TbAX8IybA1SCy4z4rNTpn,Nee Kallalona,53.0,3.0,spotify:track:1TbAX8IybA1SCy4z4rNTpn,0.668,0.872,-5.654,0.0992,0.285,0.0621,0.0875,0.83,131.998,Hemachandra Vedala,Jai Lava Kusa,2017-09-03
478,2LTgKIErzHLjtQjIEkGrU5,Adiga Adiga,0.0,2.0,spotify:track:2LTgKIErzHLjtQjIEkGrU5,0.404,0.293,-10.534,0.0337,0.915,0.0,0.105,0.115,129.815,Sid Sriram,Ninnu Kori (Original Motion Picture Soundtrack),2017-06-27
479,4wHZiaLsuI9aQdWv4f3Esd,Priyathama Priyathama,55.0,1.0,spotify:track:4wHZiaLsuI9aQdWv4f3Esd,0.71,0.529,-9.729,0.0391,0.743,0.00577,0.183,0.505,130.036,Chinmayi,Majili,2019-03-11
480,57xczqwxDF0HZsuPyVEJXa,Manasu Maree - Telugu,60.0,1.0,spotify:track:57xczqwxDF0HZsuPyVEJXa,0.695,0.501,-6.552,0.0316,0.767,0.0041,0.106,0.511,120.076,"Amit Trivedi, Shashaa Tirupati, Yazin Nizar",Manasu Maree,2020-02-24
481,2NEFT1kFinuwRgow5plEZE,Nuvvele Nuvvele,43.0,4.0,spotify:track:2NEFT1kFinuwRgow5plEZE,0.827,0.772,-5.692,0.0331,0.212,0.0526,0.0973,0.575,104.042,Shweta Mohan,Jaya Janaki Nayaka,2017-08-01
482,14ZvcewteMfdD32us40NDC,Nee Selvadigi,54.0,5.0,spotify:track:14ZvcewteMfdD32us40NDC,0.491,0.545,-3.468,0.0253,0.717,2.08e-06,0.256,0.256,74.946,Shweta Mohan,Janatha Garage,2016-08-12
483,7sB18S2Ae8Aye4n9s9LZNj,Sada Siva,56.0,1.0,spotify:track:7sB18S2Ae8Aye4n9s9LZNj,0.724,0.652,-6.048,0.0633,0.219,0.0,0.0876,0.939,80.001,"Mani Sharma, Ramesh Vinayakam, Karunya",Khaaleja (Original Motion Picture Soundtrack),2010-09-24
484,0qVqPTe9U3vaCQJIFMcXEE,Taxi,37.0,6.0,spotify:track:0qVqPTe9U3vaCQJIFMcXEE,0.804,0.719,-5.375,0.11,0.0342,6.73e-05,0.0687,0.7,173.975,"Mani Sharma, Ranjith Govind",Khaaleja (Original Motion Picture Soundtrack),2010-09-24
485,2hFdANP5tt7m26v07Ba34u,Sunday Monday,37.0,5.0,spotify:track:2hFdANP5tt7m26v07Ba34u,0.852,0.608,-7.112,0.0706,0.241,0.153,0.0651,0.833,118.0,"Mani Sharma, Hemachandra Vedala, Malavika",Khaaleja (Original Motion Picture Soundtrack),2010-09-24
486,09g0nXVR567ITiVzmrYqcT,Makathika,39.0,4.0,spotify:track:09g0nXVR567ITiVzmrYqcT,0.852,0.693,-6.685,0.0452,0.136,0.368,0.118,0.693,113.982,"Mani Sharma, Karthik, Saindhavi",Khaaleja (Original Motion Picture Soundtrack),2010-09-24
487,1mOCb1w5n62jLGHJqpGL2W,Pileche,56.0,3.0,spotify:track:1mOCb1w5n62jLGHJqpGL2W,0.567,0.603,-7.5,0.0402,0.345,0.0,0.252,0.481,101.005,"Mani Sharma, Hemachandra Vedala, Shweta Mohan",Khaaleja (Original Motion Picture Soundtrack),2010-09-24
488,0gByuuGKyyaa4lisPUSP54,Bhoom Shakenaka,45.0,2.0,spotify:track:0gByuuGKyyaa4lisPUSP54,0.827,0.712,-6.325,0.0805,0.212,6.39e-06,0.0805,0.766,99.948,"Mani Sharma, Ranjith Govind, Sravana Bhargavi",Khaaleja (Original Motion Picture Soundtrack),2010-09-24
489,4dJrjWtAhEkW7VdPYSL1Ip,"Vaathi Coming (From ""Master"")",63.0,1.0,spotify:track:4dJrjWtAhEkW7VdPYSL1Ip,0.649,0.947,-4.087,0.26,0.218,0.383,0.0532,0.579,164.943,"Anirudh Ravichander, Gana Balachandar","Vaathi Coming (From ""Master"")",2020-03-10
490,3voVT9SGPZCT6tYXVbwAao,Love Dhebba,23.0,5.0,spotify:track:3voVT9SGPZCT6tYXVbwAao,0.788,0.829,-3.712,0.144,0.0827,0.000198,0.114,0.9,134.989,"Deepak, Sravana Bhargavi",Nannaku Prematho (Original Motion Picture Soundtrack),2015-12-25
491,1yVEpXyOeFB0obLo5sTF8F,Niharika,46.0,6.0,spotify:track:1yVEpXyOeFB0obLo5sTF8F,0.736,0.664,-4.705,0.0601,0.144,6.16e-06,0.122,0.852,89.993,"Vijay Prakash, Neha Bhasin",Oosaravelli,2011-09-16
492,0kz3Bh09Li3wtcreZV3BKM,Follow Follow,22.0,1.0,spotify:track:0kz3Bh09Li3wtcreZV3BKM,0.829,0.781,-4.137,0.077,0.317,0.0165,0.0866,0.965,94.017,Devi Sri Prasad,Nannaku Prematho (Original Motion Picture Soundtrack),2015-12-25
493,4oj85t0i15ghedqRDl4qSR,Shiva Shambo (Thodasa Pyar),36.0,1.0,spotify:track:4oj85t0i15ghedqRDl4qSR,0.843,0.634,-10.746,0.143,0.0439,0.00118,0.167,0.598,112.033,Devi Sri Prasad,Adhurs,2009-12-05
494,1qmfLCVMxiEpnwrPBWFmjh,Rakaasi Rakaasi,0.0,3.0,spotify:track:1qmfLCVMxiEpnwrPBWFmjh,0.806,0.72,-6.516,0.0534,0.346,0.00159,0.0369,0.7,94.975,Jr. NTR,Rabhasa (Original Motion Picture Soundtrack),2014-09-26
495,0aygY9LqK1bCqyKK1bOsio,Love Me Again,28.0,4.0,spotify:track:0aygY9LqK1bCqyKK1bOsio,0.713,0.911,-2.741,0.0564,0.0437,5.64e-05,0.107,0.663,123.941,Sooraj Santhosh,Nannaku Prematho (Original Motion Picture Soundtrack),2015-12-25
496,3YB09zhSWO8mmESr8NUV0n,Manassa,54.0,2.0,spotify:track:3YB09zhSWO8mmESr8NUV0n,0.863,0.625,-6.901,0.0417,0.328,4.93e-06,0.0831,0.938,100.012,"Haricharan, Sadhana Sargam",Munna,2007-05-07
497,3vxy9D4qd7TO4j6Gi2zmXo,Vaseegara,0.0,8.0,spotify:track:3vxy9D4qd7TO4j6Gi2zmXo,0.694,0.293,-16.278,0.0431,0.595,0.0154,0.132,0.637,143.804,Bombay Jayashri,Minnale (Original Motion Picture Soundtrack),1962-01-02
498,6ot9hTwAduVH0MewyFpiMw,Adiye,66.0,3.0,spotify:track:6ot9hTwAduVH0MewyFpiMw,0.707,0.453,-7.817,0.147,0.446,0.0,0.14,0.559,90.064,"Dhibu Ninan Thomas, Kapil Kapilan",Bachelor (Original Motion Picture Soundtrack),2021-11-26
499,2YoPh281gD3xPnTkojVSr3,Adiyae Kolluthey,62.0,1.0,spotify:track:2YoPh281gD3xPnTkojVSr3,0.719,0.645,-7.017,0.0343,0.171,1.12e-05,0.0934,0.711,118.983,"Harris Jayaraj, Krishh, Benny Dayal, Shruti Haasan",Vaaranam Aayiram (Original Motion Picture Soundtrack),2008-10-08
500,2WO5nzB7QtKn9ZRc9Jkalt,Annul Maelae,64.0,7.0,spotify:track:2WO5nzB7QtKn9ZRc9Jkalt,0.773,0.436,-10.972,0.0321,0.672,0.00678,0.197,0.533,115.917,"Harris Jayaraj, Sudha Ragunathan",Vaaranam Aayiram (Original Motion Picture Soundtrack),2008-10-08
501,7fGcPKzKiXAVL0mqesq4dT,Suthudhe Suthudhe,54.0,4.0,spotify:track:7fGcPKzKiXAVL0mqesq4dT,0.793,0.844,-8.593,0.0385,0.118,0.0123,0.0979,0.591,119.994,"Yuvan Shankar Raja, Karthik, Sunitha Sarathy",Paiya (Original Motion Picture Soundtrack),2010-11-22
502,3h0W7VWNFZsll7EHTAQWlh,Minnalgal Koothadum,56.0,3.0,spotify:track:3h0W7VWNFZsll7EHTAQWlh,0.729,0.448,-9.929,0.0391,0.0821,0.00071,0.0749,0.593,110.053,"Karthik, Bombay Jeyashree",Polladhavan (Original Motion Picture Soundtrack),2021-06-15
575,4HdzYTQiouB9BVYX7JOrhh,"Jalabulajangu (From ""Don"")",78.0,1.0,spotify:track:4HdzYTQiouB9BVYX7JOrhh,0.635,0.823,-5.437,0.153,0.0261,0.0,0.0481,0.457,151.047,"Anirudh Ravichander, Rokesh","Jalabulajangu (From ""Don"")",2021-12-16
576,1UUgngRGzFWfgpyN0WAN1r,"Naan Pizhai (From ""Kaathuvaakula Rendu Kaadhal"")",76.0,1.0,spotify:track:1UUgngRGzFWfgpyN0WAN1r,0.401,0.488,-8.417,0.0288,0.6,0.0,0.124,0.455,149.951,"Anirudh Ravichander, Ravi G, Shashaa Tirupati","Naan Pizhai (From ""Kaathuvaakula Rendu Kaadhal"")",2022-01-03
577,5D507IC1VOAg7bKkmOblr6,"Bae (From ""Don"")",76.0,1.0,spotify:track:5D507IC1VOAg7bKkmOblr6,0.697,0.663,-7.246,0.0486,0.0701,1.04e-05,0.112,0.407,96.968,"Anirudh Ravichander, Adithya RK","Bae (From ""Don"")",2022-02-03
578,6sAdmaffuMijDszeFrGF1H,"Enakenna Yaarum Illaye (From ""Aakko"")",62.0,1.0,spotify:track:6sAdmaffuMijDszeFrGF1H,0.571,0.818,-3.926,0.0857,0.0966,0.0,0.16,0.781,160.036,Anirudh Ravichander,"Enakenna Yaarum Illaye (From ""Aakko"")",2015-02-14
579,7I2iaEOGWSfMOaTk8z4ZtD,Boomi Enna Suthudhe,55.0,2.0,spotify:track:7I2iaEOGWSfMOaTk8z4ZtD,0.347,0.584,-6.279,0.0495,0.415,0.0,0.145,0.777,79.813,Anirudh Ravichander,Ethir Neechal (Original Motion Picture Soundtrack),2012-12-15
580,1Do2hDE0etMakAEQbyOd4L,Aaluma Doluma,56.0,5.0,spotify:track:1Do2hDE0etMakAEQbyOd4L,0.544,0.917,-5.853,0.201,0.0764,1.15e-06,0.346,0.638,160.672,"Anirudh Ravichander, Badshah",Vedalam (Original Motion Picture Soundtrack),2015-10-16
581,5MXLGqsMbHMTKbuOOGbeGn,Amma Amma,55.0,5.0,spotify:track:5MXLGqsMbHMTKbuOOGbeGn,0.527,0.603,-3.925,0.0405,0.378,0.0,0.188,0.36,155.004,"Anirudh Ravichander, Dhanush, S. Janaki",Velai Illa Pattadhaari (Original Motion Picture Soundtrack),2016-01-14
582,22cCckQ9DR4E94QhtUzSW3,Karuthavanlaam Galeejaam,54.0,1.0,spotify:track:22cCckQ9DR4E94QhtUzSW3,0.67,0.94,-4.404,0.308,0.209,0.0,0.346,0.475,89.951,Anirudh Ravichander,Velaikkaran (Original Motion Picture Soundtrack),2017-12-04
583,78R4fDeRrcoBIxL6uX4TnJ,Mersalaayitten,56.0,1.0,spotify:track:78R4fDeRrcoBIxL6uX4TnJ,0.736,0.778,-6.728,0.0386,0.0246,0.00174,0.0533,0.837,125.999,"A.R. Rahman, Anirudh Ravichander, Neeti Mohan",I (Original Motion Picture Soundtrack),2014-09-18
584,4FL8i7miD18FuMN08XGKcM,"Takkunu Takkunu - From ""Mr. Local""",63.0,1.0,spotify:track:4FL8i7miD18FuMN08XGKcM,0.811,0.587,-10.091,0.0872,0.0829,0.0,0.173,0.758,110.027,"Hiphop Tamizha, Anirudh Ravichander","Takkunu Takkunu (From ""Mr. Local"")",2019-04-06
585,7xV3MCJ6YI3K4I6Jt1a9H7,Osaka Osaka,56.0,2.0,spotify:track:7xV3MCJ6YI3K4I6Jt1a9H7,0.283,0.613,-7.702,0.0581,0.471,0.0,0.104,0.386,78.154,"Anirudh Ravichander, Pragathi",Vanakkam Chennai (Original Motion Picture Soundtrack),2013-07-31
586,1ysF7N4pb8cQeyDyEgsPq1,"Sanchari (From ""Radhe Shyam"")",64.0,1.0,spotify:track:1ysF7N4pb8cQeyDyEgsPq1,0.689,0.534,-9.132,0.0387,0.347,3.83e-05,0.137,0.278,122.014,"Anirudh Ravichander, Justin Prabhakaran","Sanchari (From ""Radhe Shyam"")",2021-12-16
587,6rji5mwjuHRuhozNhn8DG8,Adhento Gaani Vunnapaatuga,55.0,1.0,spotify:track:6rji5mwjuHRuhozNhn8DG8,0.392,0.725,-5.103,0.0504,0.123,0.0,0.193,0.313,78.453,Anirudh Ravichander,Jersey,2019-04-17
588,7zEqY4oGrTVOx85VlRSymi,Tamilselvi,54.0,6.0,spotify:track:7zEqY4oGrTVOx85VlRSymi,0.696,0.931,-4.089,0.0636,0.0798,5.89e-06,0.234,0.847,89.972,"Anirudh Ravichander, Nakash Aziz",Remo (Original Motion Picture Soundtrack),2016-09-05
589,05dYneZZZ2mytSmnsvzFoW,Gangu Leader,57.0,4.0,spotify:track:05dYneZZZ2mytSmnsvzFoW,0.775,0.86,-5.869,0.269,0.288,0.0,0.0514,0.644,131.882,Anirudh Ravichander,Gang Leader (Original Motion Picture Soundtrack),2019-09-05
590,7crGzxRqI5pMZAjZgF9uu2,"Jai Sulthan - From ""Sulthan""",62.0,1.0,spotify:track:7crGzxRqI5pMZAjZgF9uu2,0.722,0.86,-3.713,0.205,0.537,0.0,0.114,0.814,80.004,"Vivek - Mervin, Anirudh Ravichander, Junior Nithya, Gana Guna","Jai Sulthan (From ""Sulthan"")",2021-02-11
591,5fqsWynhQRpoIVeRfRu4yQ,Un Vizhigalil,56.0,3.0,spotify:track:5fqsWynhQRpoIVeRfRu4yQ,0.502,0.625,-5.631,0.0309,0.379,0.0,0.198,0.442,80.217,"Anirudh Ravichander, Shruti Haasan",Maan Karate (Original Motion Picture Soundtrack),2014-03-16
